<?xml version="1.0" encoding="UTF-8"?>
<project xmlns="http://maven.apache.org/POM/4.0.0" xmlns:xsi="http://www.w3.org/2001/XMLSchema-instance" xsi:schemaLocation="http://maven.apache.org/POM/4.0.0 http://maven.apache.org/maven-v4_0_0.xsd">
  <modelVersion>4.0.0</modelVersion>
  <groupId>com.hdz</groupId>
  <artifactId>myjavaparser</artifactId>
  <name>myjavaparser</name>
  <version>1.0-SNAPSHOT</version>
  <url>http://maven.apache.org</url>
  <build>
    <plugins>
      <plugin>
        <artifactId>maven-shade-plugin</artifactId>
        <version>3.2.4</version>
        <executions>
          <execution>
            <phase>package</phase>
            <goals>
              <goal>shade</goal>
            </goals>
          </execution>
        </executions>
        <configuration>
          <transformers>
            <transformer>
              <mainClass>com.hdz.myjavaparser.App</mainClass>
            </transformer>
          </transformers>
        </configuration>
      </plugin>
    </plugins>
  </build>
  <dependencies>
    <dependency>
      <groupId>junit</groupId>
      <artifactId>junit</artifactId>
      <version>3.8.1</version>
      <scope>test</scope>
    </dependency>
  </dependencies>
  <properties>
    <maven.compiler.target>1.8</maven.compiler.target>
    <maven.compiler.source>1.8</maven.compiler.source>
    <project.build.sourceEncoding>UTF-8</project.build.sourceEncoding>
    <maven.compiler.compilerVersion>1.8</maven.compiler.compilerVersion>
  </properties>
</project>
